Workbook

Sheet Entrada
A1: Calculadora PresbyCor (nomograma ajustável) – v3 (regras de segurança Dr. Ghenassia + modo Q manual)
A3: Paciente | B3: (nome) | E3: Controles
A4: Data (opcional) | E4: Anisometropia máx (D) | F4: 1.75
A5: Idade (anos) | B5: 52 | E5: Teto esfera (D) | F5: 5
E6: Modo Q | F6: Nomograma
A8: OD (Olho Direito) | E8: OS (Olho Esquerdo)
A9: Olho dominante? | B9: Sim | E9: Olho dominante? | F9: Sim
A10: Estratégia preferida | B10: equi-vision | E10: Estratégia preferida | F10: equi-vision
A11: Esfera (pré-op) | B11: 0 | C11: D | E11: Esfera (pré-op) | F11: 0 | G11: D
A12: Cilindro (pré-op) | B12: 0 | C12: D | E12: Cilindro (pré-op) | F12: 0 | G12: D
A13: Eixo | B13: 0 | C13: ° | E13: Eixo | F13: 0 | G13: °
A14: Add (perto) | B14: 1.5 | C14: D | E14: Add (perto) | F14: 1.5 | G14: D
A15: Q pré-op (Q0) | B15: -0.65 | E15: Q pré-op (Q0) | F15: -0.65
A16: K1 | B16: 44.25 | C16: D | E16: K1 | F16: 44.25 | G16: D
A17: K2 | B17: 44.75 | C17: D | E17: K2 | F17: 44.75 | G17: D
A18: Eixo K | B18: 165 | C18: ° | E18: Eixo K | F18: 165 | G18: °
A19: Pupila mesópica | B19: 4.5 | C19: mm | E19: Pupila mesópica | F19: 4.5 | G19: mm
A20: Zona óptica | B20: 6.5 | C20: mm | E20: Zona óptica | F20: 6.5 | G20: mm
A21: K médio | B21: =(B16+B17)/2 | C21: D | E21: K médio | F21: =(F16+F17)/2 | G21: D
A22: Q alvo manual (opcional) | B22: -0.5 | E22: Q alvo manual (opcional) | F22: -0.5
A23: Notas: preencha apenas as células azuis. O cálculo de PresbyCor v2 está na aba 'Resultados'. | E23: Notas: preencha apenas as células azuis. O cálculo de PresbyCor v2 está na aba 'Resultados'.
A25: Eccentricidade e (opcional – se você tiver do topógrafo)
A26: OD e (eccentricity) | B26: 0.84 | E26: OS e (eccentricity) | F26: 0.84
A27: OD Q calculado por e (Q=-e^2) | B27: =-POWER(B26,2) | E27: OS Q calculado por e (Q=-e^2) | F27: =-POWER(F26,2)
A28: OS e (eccentricity)
A29: Fonte do Q pré-op | B29: Direto
A30: (Escolha: 'Direto' usa Q0 digitado; 'Por e' usa Q=-e^2)
A31: OD Q0 efetivo | B31: =IF($B$29="Por e",$B$27,$B$15) | E31: OS Q0 efetivo | F31: =IF($B$29="Por e",$F$27,$F$15)

Sheet Nomograma
A1: Parâmetros do Nomograma (ajustáveis para calibrar com o PresbyCor impresso)
A3: Estratégia | B3: Δ base (dominante) | C3: Δ base (não dom.) | D3: Q shift (dominante) | E3: Q shift (não dom.)
A4: equi-vision | B4: 1.2 | C4: 1.8 | D4: 0.8 | E4: 0.8
A5: dual-vision | B5: 1.2 | C5: 2.2 | D5: 0.8 | E5: 0.8
A6: mono-vision | B6: 0 | C6: Add (do olho) | D6: 0 | E6: 0.7
A8: Ajustes por idade
A9: Limite idade (≤) | B9: 50
A10: Δ esfera (se ≤ limite) | B10: -0.1
A11: ΔQ (se ≤ limite) | B11: -0.05
A13: Ajustes por ceratometria (K médio)
A14: K alto (>) | B14: 45
A15: Δ esfera se K alto | B15: -0.05
A16: K baixo (<) | B16: 42
A17: Δ esfera se K baixo | B17: 0.05
A19: Ajustes por zona óptica
A20: Zona alta (≥) | B20: 7
A21: Δ esfera se zona alta | B21: 0.1
A22: Zona baixa (≤) | B22: 6
A23: Δ esfera se zona baixa | B23: -0.05
A25: Ajustes por pupila mesópica
A26: Pupila alta (>) | B26: 6
A27: ΔQ se pupila alta | B27: -0.15
A29: Regras de anisometropia
A30: Esperado (dual) | B30: 1.2
A31: ΔQ (mono não dom.) | B31: 0.7
A35: Regras de segurança Q (v3)
A36: Q mais negativo permitido (mín) | B36: -0.95
A37: Q menos negativo permitido (máx) | B37: -0.8
A38: Hard stop (nunca <) | B38: -1

Sheet Resultados
A1: Resultados – PresbyCor v3 (equações em planilha, calibráveis na aba Nomograma; com clamps de Q)
A3: OD (cálculo por estratégia)
A4: Estratégia | B4: Δ base | C4: Δ idade | D4: Δ K | E4: Δ zona | F4: Δ total | G4: Δ total (aj.) | H4: Esf final | I4: Q total | J4: Q alvo final | K4: Q bruto | L4: Clamp aplicado
A5: equi-vision | B5: =IF(A5="equi-vision",IF(IF(Entrada!B9="Sim",1,0)=1,Nomograma!B4,Nomograma!C4),IF(A5="dual-vision",IF(IF(Entrada!B9="Sim",1,0)=1,Nomograma!B5,Nomograma!C5),IF(A5="mono-vision",IF(IF(Entrada!B9="Sim",1,0)=1,Nomograma!B6,Entrada!B14),0))) | C5: =IF(Entrada!B5<=Nomograma!B9,Nomograma!B10,0) | D5: =IF(Entrada!B21>Nomograma!B14,Nomograma!B15,IF(Entrada!B21<Nomograma!B16,Nomograma!B17,0)) | E5: =IF(Entrada!B20>=Nomograma!B20,Nomograma!B21,IF(Entrada!B20<=Nomograma!B22,Nomograma!B23,0)) | F5: =B5+C5+D5+E5 | G5: =F5-IF(AND(IF(Entrada!B9="Sim",1,0)=0,OR(A5="dual-vision",A5="mono-vision"),ABS(F5-IF(A5="dual-vision",Nomograma!B30,Entrada!B14))>Entrada!F4),IF(AND(IF(Entrada!B9="Sim",1,0)=0,OR(A5="dual-vision",A5="mono-vision"),ABS(F5-IF(A5="dual-vision",Nomograma!B30,Entrada!B14))>Entrada!F4),ABS(F5)-Entrada!F4,0)*SIGN(F5),0) | H5: =MIN(Entrada!B11+G5,Entrada!F5) | I5: =(IF(A5="equi-vision",IF(IF(Entrada!B9="Sim",1,0)=1,Nomograma!D4,Nomograma!E4),IF(A5="dual-vision",IF(IF(Entrada!B9="Sim",1,0)=1,Nomograma!D5,Nomograma!E5),IF(A5="mono-vision",IF(IF(Entrada!B9="Sim",1,0)=1,0,Nomograma!B31),0))))+(IF(Entrada!B5<=Nomograma!B9,Nomograma!B11,0))+(IF(Entrada!B19>Nomograma!B26,Nomograma!B27,0)) | J5: =IF(Entrada!$F$6="Manual",Entrada!$B$22,MAX(MIN((Entrada!$B$31-I5),Nomograma!$B$37),Nomograma!$B$36)) | K5: =Entrada!$B$31-I5 | L5: =J5-K5
A6: dual-vision | B6: =IF(A6="equi-vision",IF(IF(Entrada!B9="Sim",1,0)=1,Nomograma!B4,Nomograma!C4),IF(A6="dual-vision",IF(IF(Entrada!B9="Sim",1,0)=1,Nomograma!B5,Nomograma!C5),IF(A6="mono-vision",IF(IF(Entrada!B9="Sim",1,0)=1,Nomograma!B6,Entrada!B14),0))) | C6: =IF(Entrada!B5<=Nomograma!B9,Nomograma!B10,0) | D6: =IF(Entrada!B21>Nomograma!B14,Nomograma!B15,IF(Entrada!B21<Nomograma!B16,Nomograma!B17,0)) | E6: =IF(Entrada!B20>=Nomograma!B20,Nomograma!B21,IF(Entrada!B20<=Nomograma!B22,Nomograma!B23,0)) | F6: =B6+C6+D6+E6 | G6: =F6-IF(AND(IF(Entrada!B9="Sim",1,0)=0,OR(A6="dual-vision",A6="mono-vision"),ABS(F6-IF(A6="dual-vision",Nomograma!B30,Entrada!B14))>Entrada!F4),IF(AND(IF(Entrada!B9="Sim",1,0)=0,OR(A6="dual-vision",A6="mono-vision"),ABS(F6-IF(A6="dual-vision",Nomograma!B30,Entrada!B14))>Entrada!F4),ABS(F6)-Entrada!F4,0)*SIGN(F6),0) | H6: =MIN(Entrada!B11+G6,Entrada!F5) | I6: =(IF(A6="equi-vision",IF(IF(Entrada!B9="Sim",1,0)=1,Nomograma!D4,Nomograma!E4),IF(A6="dual-vision",IF(IF(Entrada!B9="Sim",1,0)=1,Nomograma!D5,Nomograma!E5),IF(A6="mono-vision",IF(IF(Entrada!B9="Sim",1,0)=1,0,Nomograma!B31),0))))+(IF(Entrada!B5<=Nomograma!B9,Nomograma!B11,0))+(IF(Entrada!B19>Nomograma!B26,Nomograma!B27,0)) | J6: =IF(Entrada!$F$6="Manual",Entrada!$B$22,MAX(MIN((Entrada!$B$31-I6),Nomograma!$B$37),Nomograma!$B$36)) | K6: =Entrada!$B$31-I6 | L6: =J6-K6
A7: mono-vision | B7: =IF(A7="equi-vision",IF(IF(Entrada!B9="Sim",1,0)=1,Nomograma!B4,Nomograma!C4),IF(A7="dual-vision",IF(IF(Entrada!B9="Sim",1,0)=1,Nomograma!B5,Nomograma!C5),IF(A7="mono-vision",IF(IF(Entrada!B9="Sim",1,0)=1,Nomograma!B6,Entrada!B14),0))) | C7: =IF(Entrada!B5<=Nomograma!B9,Nomograma!B10,0) | D7: =IF(Entrada!B21>Nomograma!B14,Nomograma!B15,IF(Entrada!B21<Nomograma!B16,Nomograma!B17,0)) | E7: =IF(Entrada!B20>=Nomograma!B20,Nomograma!B21,IF(Entrada!B20<=Nomograma!B22,Nomograma!B23,0)) | F7: =B7+C7+D7+E7 | G7: =F7-IF(AND(IF(Entrada!B9="Sim",1,0)=0,OR(A7="dual-vision",A7="mono-vision"),ABS(F7-IF(A7="dual-vision",Nomograma!B30,Entrada!B14))>Entrada!F4),IF(AND(IF(Entrada!B9="Sim",1,0)=0,OR(A7="dual-vision",A7="mono-vision"),ABS(F7-IF(A7="dual-vision",Nomograma!B30,Entrada!B14))>Entrada!F4),ABS(F7)-Entrada!F4,0)*SIGN(F7),0) | H7: =MIN(Entrada!B11+G7,Entrada!F5) | I7: =(IF(A7="equi-vision",IF(IF(Entrada!B9="Sim",1,0)=1,Nomograma!D4,Nomograma!E4),IF(A7="dual-vision",IF(IF(Entrada!B9="Sim",1,0)=1,Nomograma!D5,Nomograma!E5),IF(A7="mono-vision",IF(IF(Entrada!B9="Sim",1,0)=1,0,Nomograma!B31),0))))+(IF(Entrada!B5<=Nomograma!B9,Nomograma!B11,0))+(IF(Entrada!B19>Nomograma!B26,Nomograma!B27,0)) | J7: =IF(Entrada!$F$6="Manual",Entrada!$B$22,MAX(MIN((Entrada!$B$31-I7),Nomograma!$B$37),Nomograma!$B$36)) | K7: =Entrada!$B$31-I7 | L7: =J7-K7
A9: Nota: Q alvo final respeita 'Modo Q' (Nomograma vs Manual). Para calibrar com o print PresbyCor, ajuste os coeficientes na aba 'Nomograma'.
A11: OS (cálculo por estratégia)
A12: Estratégia | B12: Δ base | C12: Δ idade | D12: Δ K | E12: Δ zona | F12: Δ total | G12: Δ total (aj.) | H12: Esf final | I12: Q total | J12: Q alvo final | K12: Q bruto | L12: Clamp aplicado
A13: equi-vision | B13: =IF(A13="equi-vision",IF(IF(Entrada!F9="Sim",1,0)=1,Nomograma!B4,Nomograma!C4),IF(A13="dual-vision",IF(IF(Entrada!F9="Sim",1,0)=1,Nomograma!B5,Nomograma!C5),IF(A13="mono-vision",IF(IF(Entrada!F9="Sim",1,0)=1,Nomograma!B6,Entrada!F14),0))) | C13: =IF(Entrada!B5<=Nomograma!B9,Nomograma!B10,0) | D13: =IF(Entrada!F21>Nomograma!B14,Nomograma!B15,IF(Entrada!F21<Nomograma!B16,Nomograma!B17,0)) | E13: =IF(Entrada!F20>=Nomograma!B20,Nomograma!B21,IF(Entrada!F20<=Nomograma!B22,Nomograma!B23,0)) | F13: =B13+C13+D13+E13 | G13: =F13-IF(AND(IF(Entrada!F9="Sim",1,0)=0,OR(A13="dual-vision",A13="mono-vision"),ABS(F13-IF(A13="dual-vision",Nomograma!B30,Entrada!F14))>Entrada!F4),IF(AND(IF(Entrada!F9="Sim",1,0)=0,OR(A13="dual-vision",A13="mono-vision"),ABS(F13-IF(A13="dual-vision",Nomograma!B30,Entrada!F14))>Entrada!F4),ABS(F13)-Entrada!F4,0)*SIGN(F13),0) | H13: =MIN(Entrada!F11+G13,Entrada!F5) | I13: =(IF(A13="equi-vision",IF(IF(Entrada!F9="Sim",1,0)=1,Nomograma!D4,Nomograma!E4),IF(A13="dual-vision",IF(IF(Entrada!F9="Sim",1,0)=1,Nomograma!D5,Nomograma!E5),IF(A13="mono-vision",IF(IF(Entrada!F9="Sim",1,0)=1,0,Nomograma!B31),0))))+(IF(Entrada!B5<=Nomograma!B9,Nomograma!B11,0))+(IF(Entrada!F19>Nomograma!B26,Nomograma!B27,0)) | J13: =IF(Entrada!$F$6="Manual",Entrada!$F$22,MAX(MIN((Entrada!$F$31-I13),Nomograma!$B$37),Nomograma!$B$36)) | K13: =Entrada!$F$31-I13 | L13: =J13-K13
A14: dual-vision | B14: =IF(A14="equi-vision",IF(IF(Entrada!F9="Sim",1,0)=1,Nomograma!B4,Nomograma!C4),IF(A14="dual-vision",IF(IF(Entrada!F9="Sim",1,0)=1,Nomograma!B5,Nomograma!C5),IF(A14="mono-vision",IF(IF(Entrada!F9="Sim",1,0)=1,Nomograma!B6,Entrada!F14),0))) | C14: =IF(Entrada!B5<=Nomograma!B9,Nomograma!B10,0) | D14: =IF(Entrada!F21>Nomograma!B14,Nomograma!B15,IF(Entrada!F21<Nomograma!B16,Nomograma!B17,0)) | E14: =IF(Entrada!F20>=Nomograma!B20,Nomograma!B21,IF(Entrada!F20<=Nomograma!B22,Nomograma!B23,0)) | F14: =B14+C14+D14+E14 | G14: =F14-IF(AND(IF(Entrada!F9="Sim",1,0)=0,OR(A14="dual-vision",A14="mono-vision"),ABS(F14-IF(A14="dual-vision",Nomograma!B30,Entrada!F14))>Entrada!F4),IF(AND(IF(Entrada!F9="Sim",1,0)=0,OR(A14="dual-vision",A14="mono-vision"),ABS(F14-IF(A14="dual-vision",Nomograma!B30,Entrada!F14))>Entrada!F4),ABS(F14)-Entrada!F4,0)*SIGN(F14),0) | H14: =MIN(Entrada!F11+G14,Entrada!F5) | I14: =(IF(A14="equi-vision",IF(IF(Entrada!F9="Sim",1,0)=1,Nomograma!D4,Nomograma!E4),IF(A14="dual-vision",IF(IF(Entrada!F9="Sim",1,0)=1,Nomograma!D5,Nomograma!E5),IF(A14="mono-vision",IF(IF(Entrada!F9="Sim",1,0)=1,0,Nomograma!B31),0))))+(IF(Entrada!B5<=Nomograma!B9,Nomograma!B11,0))+(IF(Entrada!F19>Nomograma!B26,Nomograma!B27,0)) | J14: =IF(Entrada!$F$6="Manual",Entrada!$F$22,MAX(MIN((Entrada!$F$31-I14),Nomograma!$B$37),Nomograma!$B$36)) | K14: =Entrada!$F$31-I14 | L14: =J14-K14
A15: mono-vision | B15: =IF(A15="equi-vision",IF(IF(Entrada!F9="Sim",1,0)=1,Nomograma!B4,Nomograma!C4),IF(A15="dual-vision",IF(IF(Entrada!F9="Sim",1,0)=1,Nomograma!B5,Nomograma!C5),IF(A15="mono-vision",IF(IF(Entrada!F9="Sim",1,0)=1,Nomograma!B6,Entrada!F14),0))) | C15: =IF(Entrada!B5<=Nomograma!B9,Nomograma!B10,0) | D15: =IF(Entrada!F21>Nomograma!B14,Nomograma!B15,IF(Entrada!F21<Nomograma!B16,Nomograma!B17,0)) | E15: =IF(Entrada!F20>=Nomograma!B20,Nomograma!B21,IF(Entrada!F20<=Nomograma!B22,Nomograma!B23,0)) | F15: =B15+C15+D15+E15 | G15: =F15-IF(AND(IF(Entrada!F9="Sim",1,0)=0,OR(A15="dual-vision",A15="mono-vision"),ABS(F15-IF(A15="dual-vision",Nomograma!B30,Entrada!F14))>Entrada!F4),IF(AND(IF(Entrada!F9="Sim",1,0)=0,OR(A15="dual-vision",A15="mono-vision"),ABS(F15-IF(A15="dual-vision",Nomograma!B30,Entrada!F14))>Entrada!F4),ABS(F15)-Entrada!F4,0)*SIGN(F15),0) | H15: =MIN(Entrada!F11+G15,Entrada!F5) | I15: =(IF(A15="equi-vision",IF(IF(Entrada!F9="Sim",1,0)=1,Nomograma!D4,Nomograma!E4),IF(A15="dual-vision",IF(IF(Entrada!F9="Sim",1,0)=1,Nomograma!D5,Nomograma!E5),IF(A15="mono-vision",IF(IF(Entrada!F9="Sim",1,0)=1,0,Nomograma!B31),0))))+(IF(Entrada!B5<=Nomograma!B9,Nomograma!B11,0))+(IF(Entrada!F19>Nomograma!B26,Nomograma!B27,0)) | J15: =IF(Entrada!$F$6="Manual",Entrada!$F$22,MAX(MIN((Entrada!$F$31-I15),Nomograma!$B$37),Nomograma!$B$36)) | K15: =Entrada!$F$31-I15 | L15: =J15-K15
A17: Nota: Q alvo final respeita 'Modo Q' (Nomograma vs Manual). Para calibrar com o print PresbyCor, ajuste os coeficientes na aba 'Nomograma'.

Sheet Calibração
A1: Calibração com Print PresbyCor (cole valores do relatório e ajuste coeficientes na aba Nomograma) – v3
A2: Cole os casos aqui e use a aba ENTRADA para rodar um caso por vez; copie Esfera final e Q final para Esf_calc e Q_calc. Ajuste coeficientes na aba NOMOGRAMA para minimizar os erros.
A3: Caso | B3: Olho | C3: Dominante | D3: Estratégia | E3: Esf0 | F3: Cil0 | G3: Eixo0 | H3: Idade | I3: Kmed | J3: Zona(mm) | K3: Pupila(mm) | L3: Q0 | M3: Add | N3: Esf_calc | O3: Q_calc | P3: Esf_target(PDF) | Q3: Q_target(PDF) | R3: Erro_Esf | S3: Erro_Q | T3: Notas
A4: DA ROCHA Weder Carlos | B4: OD | C4: SIM | D4: EQUI | E4: 4 | F4: 0 | G4: 0 | H4: 59 | I4: 45 | J4: 6.5 | K4: 3.6 | L4: -0.13 | M4: 1.5 | P4: 2.31 | Q4: -0.73 | R4: =IF(AND(N4<>"",P4<>""),N4-P4,"") | S4: =IF(AND(O4<>"",Q4<>""),O4-Q4,"") | T4: Extraído via OCR; confirme no PDF.
A5: DA ROCHA Weder Carlos | B5: OD | C5: SIM | D5: DUAL | E5: 4 | F5: 0 | G5: 0 | H5: 59 | I5: 45 | J5: 6.5 | K5: 3.6 | L5: -0.13 | M5: 1.5 | P5: 1.9 | Q5: -0.73 | R5: =IF(AND(N5<>"",P5<>""),N5-P5,"") | S5: =IF(AND(O5<>"",Q5<>""),O5-Q5,"")
A6: OLIVEIRA Rosilene | B6: OD | C6: SIM | D6: EQUI | E6: 0.5 | F6: 0 | G6: 0 | H6: 52 | I6: 44.5 | J6: 6.5 | K6: 4.5 | L6: -0.65 | M6: 1 | P6: 2.03 | Q6: -1 | R6: =IF(AND(N6<>"",P6<>""),N6-P6,"") | S6: =IF(AND(O6<>"",Q6<>""),O6-Q6,"") | T6: Q pré-op no print é -0.65 e Q final -0.40 em alguns blocos; aqui calibrando Qtarget do software.
A7: OLIVEIRA Rosilene | B7: OD | C7: SIM | D7: DUAL | E7: 0.5 | F7: 0 | G7: 0 | H7: 52 | I7: 44.5 | J7: 6.5 | K7: 4.5 | L7: -0.65 | M7: 1 | P7: 1.74 | Q7: -1 | R7: =IF(AND(N7<>"",P7<>""),N7-P7,"") | S7: =IF(AND(O7<>"",Q7<>""),O7-Q7,"")
